{"accuracy/top1": 88.98004150390625, "data_time": 0.03365929140931084, "time": 0.081285379472233}